Match_ID,Home_Team_Score,Away_Team_Score,Accuracy_Status
M-1930-01,4,1,Accurate
M-1930-02,3,0,Accurate
M-1930-03,2,1,Accurate
M-1930-04,3,1,Accurate
M-1930-05,1,0,Accurate
M-1930-06,3,0,Accurate
M-1930-07,4,0,Accurate
M-1930-08,3,0,Accurate
M-1930-09,1,0,Accurate
M-1930-10,1,0,Accurate
M-1930-11,6,3,Inaccurate
M-1930-12,4,0,Accurate
M-1930-13,1,0,Accurate
M-1930-14,4,0,Accurate
M-1930-15,3,1,Accurate
M-1930-16,6,1,Inaccurate
M-1930-17,6,1,Inaccurate
M-1930-18,4,2,Accurate
M-1934-01,3,2,Accurate
M-1934-02,2,1,Accurate
M-1934-03,5,2,Accurate
M-1934-04,4,2,Accurate
M-1934-05,7,1,Inaccurate
M-1934-06,3,1,Accurate
M-1934-07,3,2,Accurate
M-1934-08,3,2,Accurate
M-1934-09,2,1,Accurate
M-1934-10,3,2,Accurate
M-1934-11,2,1,Accurate
M-1934-12,1,1,Accurate
M-1934-13,1,0,Accurate
M-1934-14,3,1,Accurate
M-1934-15,1,0,Accurate
M-1934-16,3,2,Accurate
M-1934-17,2,1,Accurate
M-1938-01,1,1,Accurate
M-1938-02,3,3,Accurate
M-1938-03,3,1,Accurate
M-1938-04,6,0,Inaccurate
M-1938-05,2,1,Accurate
M-1938-06,6,5,Inaccurate
M-1938-07,3,0,Accurate
M-1938-08,2,1,Accurate
M-1938-09,4,2,Accurate
M-1938-10,1,1,Accurate
M-1938-11,2,0,Accurate
M-1938-12,3,1,Accurate
M-1938-13,8,0,Inaccurate
M-1938-14,2,1,Accurate
M-1938-15,5,1,Accurate
M-1938-16,2,1,Accurate
M-1938-17,4,2,Accurate
M-1938-18,4,2,Accurate
M-1950-01,4,0,Accurate
M-1950-02,3,0,Accurate
M-1950-03,2,0,Accurate
M-1950-04,3,1,Accurate
M-1950-05,3,2,Accurate
M-1950-06,2,2,Accurate
M-1950-07,4,1,Accurate
M-1950-08,2,0,Accurate
M-1950-09,1,0,Accurate
M-1950-10,2,2,Accurate
M-1950-11,2,0,Accurate
M-1950-12,5,2,Accurate
M-1950-13,1,0,Accurate
M-1950-14,2,0,Accurate
M-1950-15,8,0,Inaccurate
M-1950-16,2,1,Accurate
M-1950-17,7,1,Inaccurate
M-1950-18,2,2,Accurate
M-1950-19,6,1,Inaccurate
M-1950-20,3,2,Accurate
M-1950-21,3,1,Accurate
M-1950-22,2,1,Accurate
M-1954-01,5,0,Accurate
M-1954-02,1,0,Accurate
M-1954-03,1,0,Accurate
M-1954-04,2,0,Accurate
M-1954-05,2,1,Accurate
M-1954-06,9,0,Inaccurate
M-1954-07,4,1,Accurate
M-1954-08,4,4,Accurate
M-1954-09,7,0,Inaccurate
M-1954-10,1,1,Accurate
M-1954-11,5,0,Accurate
M-1954-12,3,2,Accurate
M-1954-13,8,3,Inaccurate
M-1954-14,7,0,Inaccurate
M-1954-15,4,1,Accurate
M-1954-16,2,0,Accurate
M-1954-17,7,2,Inaccurate
M-1954-18,4,1,Accurate
M-1954-19,7,5,Inaccurate
M-1954-20,4,2,Accurate
M-1954-21,4,2,Accurate
M-1954-22,2,0,Accurate
M-1954-23,4,2,Accurate
M-1954-24,6,1,Inaccurate
M-1954-25,3,1,Accurate
M-1954-26,3,2,Accurate
M-1958-01,3,0,Accurate
M-1958-02,1,3,Accurate
M-1958-03,1,0,Accurate
M-1958-04,7,3,Inaccurate
M-1958-05,1,1,Accurate
M-1958-06,1,1,Accurate
M-1958-07,3,0,Accurate
M-1958-08,2,2,Accurate
M-1958-09,3,1,Accurate
M-1958-10,2,2,Accurate
M-1958-11,3,2,Accurate
M-1958-12,3,2,Accurate
M-1958-13,1,1,Accurate
M-1958-14,0,0,Accurate
M-1958-15,2,0,Accurate
M-1958-16,2,1,Accurate
M-1958-17,0,0,Accurate
M-1958-18,6,1,Inaccurate
M-1958-19,2,2,Accurate
M-1958-20,2,1,Accurate
M-1958-21,3,3,Accurate
M-1958-22,4,0,Accurate
M-1958-23,2,0,Accurate
M-1958-24,2,2,Accurate
M-1958-25,2,1,Accurate
M-1958-26,2,1,Accurate
M-1958-27,1,0,Accurate
M-1958-28,1,0,Accurate
M-1958-29,4,0,Accurate
M-1958-30,2,0,Accurate
M-1958-31,1,0,Accurate
M-1958-32,5,2,Accurate
M-1958-33,3,1,Accurate
M-1958-34,6,3,Inaccurate
M-1958-35,5,2,Accurate
M-1962-01,2,1,Accurate
M-1962-02,3,1,Accurate
M-1962-03,2,0,Accurate
M-1962-04,1,0,Accurate
M-1962-05,2,0,Accurate
M-1962-06,0,0,Accurate
M-1962-07,1,0,Accurate
M-1962-08,2,1,Accurate
M-1962-09,3,1,Accurate
M-1962-10,2,0,Accurate
M-1962-11,0,0,Accurate
M-1962-12,3,1,Accurate
M-1962-13,4,4,Accurate
M-1962-14,2,1,Accurate
M-1962-15,1,0,Accurate
M-1962-16,6,1,Inaccurate
M-1962-17,2,1,Accurate
M-1962-18,2,0,Accurate
M-1962-19,2,1,Accurate
M-1962-20,0,0,Accurate
M-1962-21,5,0,Accurate
M-1962-22,3,0,Accurate
M-1962-23,3,1,Accurate
M-1962-24,0,0,Accurate
M-1962-25,3,1,Accurate
M-1962-26,2,1,Accurate
M-1962-27,1,0,Accurate
M-1962-28,1,0,Accurate
M-1962-29,4,2,Accurate
M-1962-30,3,1,Accurate
M-1962-31,1,0,Accurate
M-1962-32,3,1,Accurate
M-1966-01,0,0,Accurate
M-1966-02,5,0,Accurate
M-1966-03,2,0,Accurate
M-1966-04,3,0,Accurate
M-1966-05,1,1,Accurate
M-1966-06,2,1,Accurate
M-1966-07,3,1,Accurate
M-1966-08,2,0,Accurate
M-1966-09,2,1,Accurate
M-1966-10,2,1,Accurate
M-1966-11,3,1,Accurate
M-1966-12,1,1,Accurate
M-1966-13,0,0,Accurate
M-1966-14,3,0,Accurate
M-1966-15,1,0,Accurate
M-1966-16,2,0,Accurate
M-1966-17,0,0,Accurate
M-1966-18,2,0,Accurate
M-1966-19,3,1,Accurate
M-1966-20,1,0,Accurate
M-1966-21,2,0,Accurate
M-1966-22,2,1,Accurate
M-1966-23,3,1,Accurate
M-1966-24,2,1,Accurate
M-1966-25,1,0,Accurate
M-1966-26,5,3,Accurate
M-1966-27,2,1,Accurate
M-1966-28,4,0,Accurate
M-1966-29,2,1,Accurate
M-1966-30,2,1,Accurate
M-1966-31,2,1,Accurate
M-1966-32,4,2,Accurate
M-1970-01,0,0,Accurate
M-1970-02,2,0,Accurate
M-1970-03,1,0,Accurate
M-1970-04,3,2,Accurate
M-1970-05,3,0,Accurate
M-1970-06,1,0,Accurate
M-1970-07,4,1,Accurate
M-1970-08,2,1,Accurate
M-1970-09,4,1,Accurate
M-1970-10,0,0,Accurate
M-1970-11,2,1,Accurate
M-1970-12,3,0,Accurate
M-1970-13,4,0,Accurate
M-1970-14,1,1,Accurate
M-1970-15,1,0,Accurate
M-1970-16,5,2,Accurate
M-1970-17,2,0,Accurate
M-1970-18,1,0,Accurate
M-1970-19,3,2,Accurate
M-1970-20,3,1,Accurate
M-1970-21,1,0,Accurate
M-1970-22,0,0,Accurate
M-1970-23,1,0,Accurate
M-1970-24,1,1,Accurate
M-1970-25,4,2,Accurate
M-1970-26,4,1,Accurate
M-1970-27,0,1,Accurate
M-1970-28,3,2,Accurate
M-1970-29,3,1,Accurate
M-1970-30,4,3,Accurate
M-1970-31,1,0,Accurate
M-1970-32,4,1,Accurate
M-1974-01,0,0,Accurate
M-1974-02,1,0,Accurate
M-1974-03,2,0,Accurate
M-1974-04,0,2,Accurate
M-1974-05,0,0,Accurate
M-1974-06,0,2,Accurate
M-1974-07,3,1,Accurate
M-1974-08,3,2,Accurate
M-1974-09,0,3,Accurate
M-1974-10,1,1,Accurate
M-1974-11,0,0,Accurate
M-1974-12,9,0,Inaccurate
M-1974-13,1,1,Accurate
M-1974-14,0,0,Accurate
M-1974-15,1,1,Accurate
M-1974-16,0,7,Inaccurate
M-1974-17,0,0,Accurate
M-1974-18,1,1,Accurate
M-1974-19,0,3,Accurate
M-1974-20,1,0,Accurate
M-1974-21,1,4,Accurate
M-1974-22,3,0,Accurate
M-1974-23,4,1,Accurate
M-1974-24,2,1,Accurate
M-1974-25,0,2,Accurate
M-1974-26,1,0,Accurate
M-1974-27,4,0,Accurate
M-1974-28,0,1,Accurate
M-1974-29,1,2,Accurate
M-1974-30,0,2,Accurate
M-1974-31,2,1,Accurate
M-1974-32,4,2,Accurate
M-1974-33,0,1,Accurate
M-1974-34,1,1,Accurate
M-1974-35,2,0,Accurate
M-1974-36,2,1,Accurate
M-1974-37,0,1,Accurate
M-1974-38,1,2,Accurate
M-1978-01,0,0,Accurate
M-1978-02,2,1,Accurate
M-1978-03,3,1,Accurate
M-1978-04,2,1,Accurate
M-1978-05,2,1,Accurate
M-1978-06,1,1,Accurate
M-1978-07,3,0,Accurate
M-1978-08,3,1,Accurate
M-1978-09,3,1,Accurate
M-1978-10,1,0,Accurate
M-1978-11,6,0,Inaccurate
M-1978-12,2,1,Accurate
M-1978-13,1,0,Accurate
M-1978-14,0,0,Accurate
M-1978-15,0,0,Accurate
M-1978-16,1,1,Accurate
M-1978-17,3,1,Accurate
M-1978-18,3,1,Accurate
M-1978-19,0,0,Accurate
M-1978-20,0,1,Accurate
M-1978-21,1,0,Accurate
M-1978-22,1,0,Accurate
M-1978-23,4,1,Accurate
M-1978-24,3,2,Accurate
M-1978-25,1,5,Accurate
M-1978-26,0,0,Accurate
M-1978-27,3,0,Accurate
M-1978-28,2,0,Accurate
M-1978-29,0,1,Accurate
M-1978-30,1,0,Accurate
M-1978-31,2,2,Accurate
M-1978-32,0,0,Accurate
M-1978-33,3,2,Accurate
M-1978-34,1,2,Accurate
M-1978-35,3,1,Accurate
M-1978-36,6,0,Inaccurate
M-1978-37,2,1,Accurate
M-1978-38,3,1,Accurate
M-1982-01,0,1,Accurate
M-1982-02,0,0,Accurate
M-1982-03,2,1,Accurate
M-1982-04,0,0,Accurate
M-1982-05,10,1,Inaccurate
M-1982-06,5,2,Accurate
M-1982-07,1,2,Accurate
M-1982-08,3,1,Accurate
M-1982-09,1,1,Accurate
M-1982-10,0,1,Accurate
M-1982-11,1,1,Accurate
M-1982-12,0,0,Accurate
M-1982-13,1,1,Accurate
M-1982-14,4,1,Accurate
M-1982-15,4,1,Accurate
M-1982-16,0,0,Accurate
M-1982-17,1,0,Accurate
M-1982-18,3,0,Accurate
M-1982-19,4,1,Accurate
M-1982-20,2,0,Accurate
M-1982-21,2,1,Accurate
M-1982-22,0,2,Accurate
M-1982-23,4,1,Accurate
M-1982-24,1,1,Accurate
M-1982-25,5,1,Accurate
M-1982-26,1,1,Accurate
M-1982-27,2,2,Accurate
M-1982-28,1,1,Accurate
M-1982-29,2,0,Accurate
M-1982-30,4,0,Accurate
M-1982-31,3,2,Accurate
M-1982-32,1,1,Accurate
M-1982-33,0,1,Accurate
M-1982-34,1,0,Accurate
M-1982-35,1,0,Accurate
M-1982-36,0,1,Accurate
M-1982-37,0,1,Accurate
M-1982-38,3,0,Accurate
M-1982-39,2,1,Accurate
M-1982-40,0,0,Accurate
M-1982-41,2,2,Accurate
M-1982-42,0,1,Accurate
M-1982-43,1,3,Accurate
M-1982-44,2,1,Accurate
M-1982-45,4,1,Accurate
M-1982-46,0,0,Accurate
M-1982-47,3,2,Accurate
M-1982-48,0,0,Accurate
M-1982-49,0,2,Accurate
M-1982-50,3,3,Accurate
M-1982-51,3,2,Accurate
M-1982-52,3,1,Accurate
M-1986-01,1,1,Accurate
M-1986-02,0,1,Accurate
M-1986-03,0,1,Accurate
M-1986-04,3,1,Accurate
M-1986-05,6,0,Inaccurate
M-1986-06,0,0,Accurate
M-1986-07,1,2,Accurate
M-1986-08,1,1,Accurate
M-1986-09,1,0,Accurate
M-1986-10,1,0,Accurate
M-1986-11,1,1,Accurate
M-1986-12,0,1,Accurate
M-1986-13,1,1,Accurate
M-1986-14,1,1,Accurate
M-1986-15,1,1,Accurate
M-1986-16,2,0,Accurate
M-1986-17,1,0,Accurate
M-1986-18,0,0,Accurate
M-1986-19,1,1,Accurate
M-1986-20,1,2,Accurate
M-1986-21,1,0,Accurate
M-1986-22,1,2,Accurate
M-1986-23,2,1,Accurate
M-1986-24,6,1,Inaccurate
M-1986-25,0,3,Accurate
M-1986-26,2,0,Accurate
M-1986-27,2,0,Accurate
M-1986-28,2,3,Accurate
M-1986-29,0,1,Accurate
M-1986-30,2,2,Accurate
M-1986-31,3,0,Accurate
M-1986-32,1,3,Accurate
M-1986-33,0,3,Accurate
M-1986-34,0,3,Accurate
M-1986-35,2,0,Accurate
M-1986-36,0,0,Accurate
M-1986-37,2,0,Accurate
M-1986-38,3,4,Accurate
M-1986-39,4,0,Accurate
M-1986-40,1,0,Accurate
M-1986-41,0,2,Accurate
M-1986-42,0,1,Accurate
M-1986-43,3,0,Accurate
M-1986-44,1,5,Accurate
M-1986-45,1,1,Accurate
M-1986-46,0,0,Accurate
M-1986-47,2,1,Accurate
M-1986-48,1,1,Accurate
M-1986-49,0,2,Accurate
M-1986-50,2,0,Accurate
M-1986-51,2,4,Accurate
M-1986-52,3,2,Accurate
M-1990-01,0,1,Accurate
M-1990-02,0,2,Accurate
M-1990-03,0,2,Accurate
M-1990-04,1,0,Accurate
M-1990-05,1,5,Accurate
M-1990-06,2,1,Accurate
M-1990-07,4,1,Accurate
M-1990-08,1,0,Accurate
M-1990-09,1,1,Accurate
M-1990-10,2,0,Accurate
M-1990-11,1,1,Accurate
M-1990-12,0,0,Accurate
M-1990-13,2,0,Accurate
M-1990-14,2,1,Accurate
M-1990-15,1,0,Accurate
M-1990-16,1,0,Accurate
M-1990-17,0,1,Accurate
M-1990-18,5,1,Accurate
M-1990-19,1,0,Accurate
M-1990-20,1,2,Accurate
M-1990-21,0,0,Accurate
M-1990-22,0,0,Accurate
M-1990-23,3,1,Accurate
M-1990-24,1,3,Accurate
M-1990-25,1,1,Accurate
M-1990-26,0,4,Accurate
M-1990-27,1,1,Accurate
M-1990-28,4,1,Accurate
M-1990-29,2,1,Accurate
M-1990-30,2,0,Accurate
M-1990-31,1,0,Accurate
M-1990-32,1,2,Accurate
M-1990-33,1,2,Accurate
M-1990-34,0,1,Accurate
M-1990-35,1,0,Accurate
M-1990-36,1,1,Accurate
M-1990-37,2,1,Accurate
M-1990-38,4,1,Accurate
M-1990-39,0,1,Accurate
M-1990-40,2,1,Accurate
M-1990-41,0,0,Accurate
M-1990-42,2,0,Accurate
M-1990-43,1,2,Accurate
M-1990-44,1,0,Accurate
M-1990-45,0,0,Accurate
M-1990-46,0,1,Accurate
M-1990-47,0,1,Accurate
M-1990-48,2,3,Accurate
M-1990-49,1,1,Accurate
M-1990-50,1,1,Accurate
M-1990-51,2,1,Accurate
M-1990-52,1,0,Accurate
M-1994-01,1,0,Accurate
M-1994-02,2,2,Accurate
M-1994-03,1,1,Accurate
M-1994-04,0,1,Accurate
M-1994-05,1,3,Accurate
M-1994-06,1,0,Accurate
M-1994-07,1,0,Accurate
M-1994-08,2,2,Accurate
M-1994-09,2,0,Accurate
M-1994-10,2,1,Accurate
M-1994-11,4,0,Accurate
M-1994-12,1,1,Accurate
M-1994-13,3,0,Accurate
M-1994-14,1,4,Accurate
M-1994-15,2,1,Accurate
M-1994-16,1,0,Accurate
M-1994-17,0,0,Accurate
M-1994-18,2,1,Accurate
M-1994-19,3,0,Accurate
M-1994-20,3,1,Accurate
M-1994-21,1,0,Accurate
M-1994-22,2,1,Accurate
M-1994-23,2,1,Accurate
M-1994-24,4,0,Accurate
M-1994-25,0,2,Accurate
M-1994-26,0,1,Accurate
M-1994-27,1,3,Accurate
M-1994-28,3,2,Accurate
M-1994-29,1,1,Accurate
M-1994-30,0,0,Accurate
M-1994-31,6,1,Inaccurate
M-1994-32,1,1,Accurate
M-1994-33,0,1,Accurate
M-1994-34,1,2,Accurate
M-1994-35,0,2,Accurate
M-1994-36,0,2,Accurate
M-1994-37,3,2,Accurate
M-1994-38,3,0,Accurate
M-1994-39,1,3,Accurate
M-1994-40,3,2,Accurate
M-1994-41,2,0,Accurate
M-1994-42,1,0,Accurate
M-1994-43,1,2,Accurate
M-1994-44,1,1,Accurate
M-1994-45,2,1,Accurate
M-1994-46,2,3,Accurate
M-1994-47,2,1,Accurate
M-1994-48,2,2,Accurate
M-1994-49,1,2,Accurate
M-1994-50,0,1,Accurate
M-1994-51,4,0,Accurate
M-1994-52,0,0,Accurate
M-1998-01,2,1,Accurate
M-1998-02,2,2,Accurate
M-1998-03,2,2,Accurate
M-1998-04,1,1,Accurate
M-1998-05,0,0,Accurate
M-1998-06,0,1,Accurate
M-1998-07,3,0,Accurate
M-1998-08,2,3,Accurate
M-1998-09,1,3,Accurate
M-1998-10,0,0,Accurate
M-1998-11,1,0,Accurate
M-1998-12,1,0,Accurate
M-1998-13,1,3,Accurate
M-1998-14,2,0,Accurate
M-1998-15,1,0,Accurate
M-1998-16,2,0,Accurate
M-1998-17,1,1,Accurate
M-1998-18,3,0,Accurate
M-1998-19,1,1,Accurate
M-1998-20,3,0,Accurate
M-1998-21,1,1,Accurate
M-1998-22,4,0,Accurate
M-1998-23,1,0,Accurate
M-1998-24,0,0,Accurate
M-1998-25,0,1,Accurate
M-1998-26,2,2,Accurate
M-1998-27,5,0,Accurate
M-1998-28,2,2,Accurate
M-1998-29,5,0,Accurate
M-1998-30,1,2,Accurate
M-1998-31,1,0,Accurate
M-1998-32,2,1,Accurate
M-1998-33,1,1,Accurate
M-1998-34,2,1,Accurate
M-1998-35,1,2,Accurate
M-1998-36,0,3,Accurate
M-1998-37,2,1,Accurate
M-1998-38,2,2,Accurate
M-1998-39,1,3,Accurate
M-1998-40,6,1,Inaccurate
M-1998-41,1,1,Accurate
M-1998-42,2,2,Accurate
M-1998-43,2,0,Accurate
M-1998-44,0,1,Accurate
M-1998-45,1,0,Accurate
M-1998-46,1,2,Accurate
M-1998-47,0,2,Accurate
M-1998-48,1,1,Accurate
M-1998-49,1,0,Accurate
M-1998-50,4,1,Accurate
M-1998-51,1,0,Accurate
M-1998-52,1,4,Accurate
M-1998-53,2,1,Accurate
M-1998-54,2,1,Accurate
M-1998-55,0,1,Accurate
M-1998-56,2,2,Accurate
M-1998-57,0,0,Accurate
M-1998-58,3,2,Accurate
M-1998-59,2,1,Accurate
M-1998-60,0,3,Accurate
M-1998-61,1,1,Accurate
M-1998-62,2,1,Accurate
M-1998-63,1,2,Accurate
M-1998-64,0,3,Accurate
M-2002-01,0,1,Accurate
M-2002-02,1,1,Accurate
M-2002-03,1,2,Accurate
M-2002-04,8,0,Inaccurate
M-2002-05,1,0,Accurate
M-2002-06,2,2,Accurate
M-2002-07,1,1,Accurate
M-2002-08,3,1,Accurate
M-2002-09,0,1,Accurate
M-2002-10,2,1,Accurate
M-2002-11,2,0,Accurate
M-2002-12,0,2,Accurate
M-2002-13,2,2,Accurate
M-2002-14,2,0,Accurate
M-2002-15,2,0,Accurate
M-2002-16,3,2,Accurate
M-2002-17,1,1,Accurate
M-2002-18,1,1,Accurate
M-2002-19,1,0,Accurate
M-2002-20,0,0,Accurate
M-2002-21,2,1,Accurate
M-2002-22,3,1,Accurate
M-2002-23,0,1,Accurate
M-2002-24,1,0,Accurate
M-2002-25,1,2,Accurate
M-2002-26,4,0,Accurate
M-2002-27,2,1,Accurate
M-2002-28,1,1,Accurate
M-2002-29,1,0,Accurate
M-2002-30,1,1,Accurate
M-2002-31,1,1,Accurate
M-2002-32,4,0,Accurate
M-2002-33,2,0,Accurate
M-2002-34,3,3,Accurate
M-2002-35,0,2,Accurate
M-2002-36,0,3,Accurate
M-2002-37,0,0,Accurate
M-2002-38,1,1,Accurate
M-2002-39,1,3,Accurate
M-2002-40,2,3,Accurate
M-2002-41,2,5,Accurate
M-2002-42,3,0,Accurate
M-2002-43,1,0,Accurate
M-2002-44,1,1,Accurate
M-2002-45,3,2,Accurate
M-2002-46,0,2,Accurate
M-2002-47,3,1,Accurate
M-2002-48,0,1,Accurate
M-2002-49,1,0,Accurate
M-2002-50,0,3,Accurate
M-2002-51,1,2,Accurate
M-2002-52,1,1,Accurate
M-2002-53,0,2,Accurate
M-2002-54,2,0,Accurate
M-2002-55,0,1,Accurate
M-2002-56,2,1,Accurate
M-2002-57,1,2,Accurate
M-2002-58,1,0,Accurate
M-2002-59,0,0,Accurate
M-2002-60,0,1,Accurate
M-2002-61,1,0,Accurate
M-2002-62,1,0,Accurate
M-2002-63,2,3,Accurate
M-2002-64,0,2,Accurate
M-2006-01,4,2,Accurate
M-2006-02,0,2,Accurate
M-2006-03,1,0,Accurate
M-2006-04,0,0,Accurate
M-2006-05,2,1,Accurate
M-2006-06,0,1,Accurate
M-2006-07,3,1,Accurate
M-2006-08,0,1,Accurate
M-2006-09,3,1,Accurate
M-2006-10,0,3,Accurate
M-2006-11,2,0,Accurate
M-2006-12,2,1,Accurate
M-2006-13,0,0,Accurate
M-2006-14,1,0,Accurate
M-2006-15,4,0,Accurate
M-2006-16,2,2,Accurate
M-2006-17,1,0,Accurate
M-2006-18,3,0,Accurate
M-2006-19,2,0,Accurate
M-2006-20,1,0,Accurate
M-2006-21,6,0,Inaccurate
M-2006-22,2,1,Accurate
M-2006-23,0,0,Accurate
M-2006-24,2,0,Accurate
M-2006-25,0,2,Accurate
M-2006-26,1,1,Accurate
M-2006-27,0,0,Accurate
M-2006-28,2,0,Accurate
M-2006-29,1,1,Accurate
M-2006-30,0,2,Accurate
M-2006-31,0,4,Accurate
M-2006-32,3,1,Accurate
M-2006-33,1,2,Accurate
M-2006-34,0,3,Accurate
M-2006-35,2,0,Accurate
M-2006-36,2,2,Accurate
M-2006-37,1,1,Accurate
M-2006-38,2,1,Accurate
M-2006-39,3,2,Accurate
M-2006-40,0,0,Accurate
M-2006-41,0,2,Accurate
M-2006-42,2,1,Accurate
M-2006-43,2,2,Accurate
M-2006-44,1,4,Accurate
M-2006-45,0,1,Accurate
M-2006-46,1,0,Accurate
M-2006-47,2,0,Accurate
M-2006-48,0,2,Accurate
M-2006-49,2,0,Accurate
M-2006-50,2,1,Accurate
M-2006-51,1,0,Accurate
M-2006-52,1,0,Accurate
M-2006-53,1,0,Accurate
M-2006-54,0,0,Accurate
M-2006-55,3,0,Accurate
M-2006-56,1,3,Accurate
M-2006-57,1,1,Accurate
M-2006-58,3,0,Accurate
M-2006-59,0,0,Accurate
M-2006-60,0,1,Accurate
M-2006-61,0,2,Accurate
M-2006-62,0,1,Accurate
M-2006-63,3,1,Accurate
M-2006-64,1,1,Accurate
M-2010-01,1,1,Accurate
M-2010-02,0,0,Accurate
M-2010-03,2,0,Accurate
M-2010-04,1,0,Accurate
M-2010-05,1,1,Accurate
M-2010-06,0,1,Accurate
M-2010-07,0,1,Accurate
M-2010-08,4,0,Accurate
M-2010-09,2,0,Accurate
M-2010-10,1,0,Accurate
M-2010-11,1,1,Accurate
M-2010-12,1,1,Accurate
M-2010-13,0,0,Accurate
M-2010-14,2,1,Accurate
M-2010-15,0,1,Accurate
M-2010-16,0,1,Accurate
M-2010-17,0,3,Accurate
M-2010-18,4,1,Accurate
M-2010-19,2,1,Accurate
M-2010-20,0,2,Accurate
M-2010-21,0,1,Accurate
M-2010-22,2,2,Accurate
M-2010-23,0,0,Accurate
M-2010-24,1,0,Accurate
M-2010-25,1,1,Accurate
M-2010-26,1,2,Accurate
M-2010-27,0,2,Accurate
M-2010-28,1,1,Accurate
M-2010-29,3,1,Accurate
M-2010-30,7,0,Inaccurate
M-2010-31,1,0,Accurate
M-2010-32,2,0,Accurate
M-2010-33,1,2,Accurate
M-2010-34,0,1,Accurate
M-2010-35,0,2,Accurate
M-2010-36,2,2,Accurate
M-2010-37,0,1,Accurate
M-2010-38,1,0,Accurate
M-2010-39,2,1,Accurate
M-2010-40,0,1,Accurate
M-2010-41,0,0,Accurate
M-2010-42,3,2,Accurate
M-2010-43,1,2,Accurate
M-2010-44,1,3,Accurate
M-2010-45,0,3,Accurate
M-2010-46,0,0,Accurate
M-2010-47,1,2,Accurate
M-2010-48,0,0,Accurate
M-2010-49,2,1,Accurate
M-2010-50,1,2,Accurate
M-2010-51,4,1,Accurate
M-2010-52,3,1,Accurate
M-2010-53,2,1,Accurate
M-2010-54,3,0,Accurate
M-2010-55,0,0,Accurate
M-2010-56,1,0,Accurate
M-2010-57,2,1,Accurate
M-2010-58,1,1,Accurate
M-2010-59,0,4,Accurate
M-2010-60,0,1,Accurate
M-2010-61,2,3,Accurate
M-2010-62,0,1,Accurate
M-2010-63,2,3,Accurate
M-2010-64,0,1,Accurate
M-2014-01,3,1,Accurate
M-2014-02,1,0,Accurate
M-2014-03,1,5,Accurate
M-2014-04,3,1,Accurate
M-2014-05,3,0,Accurate
M-2014-06,1,3,Accurate
M-2014-07,1,2,Accurate
M-2014-08,2,1,Accurate
M-2014-09,2,1,Accurate
M-2014-10,3,0,Accurate
M-2014-11,2,1,Accurate
M-2014-12,4,0,Accurate
M-2014-13,0,0,Accurate
M-2014-14,1,2,Accurate
M-2014-15,2,1,Accurate
M-2014-16,0,0,Accurate
M-2014-17,1,1,Accurate
M-2014-18,2,3,Accurate
M-2014-19,0,2,Accurate
M-2014-20,0,4,Accurate
M-2014-21,2,1,Accurate
M-2014-22,2,1,Accurate
M-2014-23,0,0,Accurate
M-2014-24,0,1,Accurate
M-2014-25,2,5,Accurate
M-2014-26,1,2,Accurate
M-2014-27,1,0,Accurate
M-2014-28,2,2,Accurate
M-2014-29,1,0,Accurate
M-2014-30,1,0,Accurate
M-2014-31,2,4,Accurate
M-2014-32,2,2,Accurate
M-2014-33,0,3,Accurate
M-2014-34,2,0,Accurate
M-2014-35,1,4,Accurate
M-2014-36,1,3,Accurate
M-2014-37,0,0,Accurate
M-2014-38,0,1,Accurate
M-2014-39,1,4,Accurate
M-2014-40,2,1,Accurate
M-2014-41,3,1,Accurate
M-2014-42,2,3,Accurate
M-2014-43,0,3,Accurate
M-2014-44,0,0,Accurate
M-2014-45,2,1,Accurate
M-2014-46,0,1,Accurate
M-2014-47,1,1,Accurate
M-2014-48,0,1,Accurate
M-2014-49,1,1,Accurate
M-2014-50,2,0,Accurate
M-2014-51,2,1,Accurate
M-2014-52,1,1,Accurate
M-2014-53,2,0,Accurate
M-2014-54,2,1,Accurate
M-2014-55,1,0,Accurate
M-2014-56,2,1,Accurate
M-2014-57,0,1,Accurate
M-2014-58,2,1,Accurate
M-2014-59,1,0,Accurate
M-2014-60,0,0,Accurate
M-2014-61,1,7,Inaccurate
M-2014-62,0,0,Accurate
M-2014-63,0,3,Accurate
M-2014-64,1,0,Accurate
M-2018-01,5,0,Accurate
M-2018-02,0,1,Accurate
M-2018-03,0,1,Accurate
M-2018-04,3,3,Accurate
M-2018-05,2,1,Accurate
M-2018-06,1,1,Accurate
M-2018-07,0,1,Accurate
M-2018-08,2,0,Accurate
M-2018-09,0,1,Accurate
M-2018-10,0,1,Accurate
M-2018-11,1,1,Accurate
M-2018-12,1,0,Accurate
M-2018-13,3,0,Accurate
M-2018-14,1,2,Accurate
M-2018-15,1,2,Accurate
M-2018-16,1,2,Accurate
M-2018-17,3,1,Accurate
M-2018-18,1,0,Accurate
M-2018-19,1,0,Accurate
M-2018-20,0,1,Accurate
M-2018-21,1,1,Accurate
M-2018-22,1,0,Accurate
M-2018-23,0,3,Accurate
M-2018-24,2,0,Accurate
M-2018-25,2,0,Accurate
M-2018-26,1,2,Accurate
M-2018-27,5,2,Accurate
M-2018-28,1,2,Accurate
M-2018-29,2,1,Accurate
M-2018-30,6,1,Inaccurate
M-2018-31,2,2,Accurate
M-2018-32,0,3,Accurate
M-2018-33,2,1,Accurate
M-2018-34,3,0,Accurate
M-2018-35,2,2,Accurate
M-2018-36,1,1,Accurate
M-2018-37,0,2,Accurate
M-2018-38,0,0,Accurate
M-2018-39,1,2,Accurate
M-2018-40,1,2,Accurate
M-2018-41,2,0,Accurate
M-2018-42,0,3,Accurate
M-2018-43,0,2,Accurate
M-2018-44,2,2,Accurate
M-2018-45,0,1,Accurate
M-2018-46,0,1,Accurate
M-2018-47,0,1,Accurate
M-2018-48,1,2,Accurate
M-2018-49,4,3,Accurate
M-2018-50,2,1,Accurate
M-2018-51,1,1,Accurate
M-2018-52,1,1,Accurate
M-2018-53,2,0,Accurate
M-2018-54,3,2,Accurate
M-2018-55,1,0,Accurate
M-2018-56,1,1,Accurate
M-2018-57,0,2,Accurate
M-2018-58,1,2,Accurate
M-2018-59,0,2,Accurate
M-2018-60,2,2,Accurate
M-2018-61,1,0,Accurate
M-2018-62,2,1,Accurate
M-2018-63,2,0,Accurate
M-2018-64,4,2,Accurate
